id,title,author,num_pages,image_url,url,average_rating,owned
28592595,Iraq + 100: Stories from Another Iraq,Hassan Blasim,224,http://images.gr-assets.com/books/1477026794m/28592595.jpg,http://www.goodreads.com/book/show/28592595-iraq-100,5.00,0
17934530,"Annihilation (Southern Reach, #1)",Jeff VanderMeer,195,http://images.gr-assets.com/books/1403941587m/17934530.jpg,http://www.goodreads.com/book/show/17934530-annihilation,3.62,0
109800,"Wild Fermentation: The Flavor, Nutrition, and Craft of Live-Culture Foods",Sandor Ellix Katz,187,http://images.gr-assets.com/books/1415589337m/109800.jpg,http://www.goodreads.com/book/show/109800.Wild_Fermentation,4.36,0
17255186,"The Phoenix Project: A Novel About IT, DevOps, and Helping Your Business Win",Gene Kim,345,http://images.gr-assets.com/books/1361113128m/17255186.jpg,http://www.goodreads.com/book/show/17255186-the-phoenix-project,4.23,1
24000494,Boss Life: Surviving My Own Small Business,Paul Downs,352,http://images.gr-assets.com/books/1430920501m/24000494.jpg,http://www.goodreads.com/book/show/24000494-boss-life,4.17,0
1813648,Math Through the Ages: A Gentle History for Teachers and Others,William P. Berlinghoff,273,http://s.gr-assets.com/assets/nophoto/book/111x148-bcc042a9c91a29c1d680899eff700a03.png,http://www.goodreads.com/book/show/1813648.Math_Through_the_Ages,3.59,0
9047584,Jamie's 30-Minute Meals,Jamie Oliver,287,http://s.gr-assets.com/assets/nophoto/book/111x148-bcc042a9c91a29c1d680899eff700a03.png,http://www.goodreads.com/book/show/9047584-jamie-s-30-minute-meals,4.04,1
8427679,Dark Places,Gillian Flynn,421,http://images.gr-assets.com/books/1387196045m/8427679.jpg,http://www.goodreads.com/book/show/8427679-dark-places,3.91,1
3065223,"Live/Work: Working at Home, Living at Work",Deborah K. Dietsch,320,http://s.gr-assets.com/assets/nophoto/book/111x148-bcc042a9c91a29c1d680899eff700a03.png,http://www.goodreads.com/book/show/3065223-live-work,3.42,0
17156379,Съдба не се сменя. Викингска поезия,Михаил Минков,230,http://images.gr-assets.com/books/1458662637m/17156379.jpg,http://www.goodreads.com/book/show/17156379,4.60,0
17210417,The Power of Everyday Missionaries,Clayton M. Christensen,151,http://images.gr-assets.com/books/1360726893m/17210417.jpg,http://www.goodreads.com/book/show/17210417-the-power-of-everyday-missionaries,4.63,0
13425570,How Will You Measure Your Life?,Clayton M. Christensen,240,http://s.gr-assets.com/assets/nophoto/book/111x148-bcc042a9c91a29c1d680899eff700a03.png,http://www.goodreads.com/book/show/13425570-how-will-you-measure-your-life,4.05,0
27833670,Dark Matter,Blake Crouch,342,http://images.gr-assets.com/books/1472119680m/27833670.jpg,http://www.goodreads.com/book/show/27833670-dark-matter,4.13,0
564278,Heroes: From Alexander the Great & Julius Caesar to Churchill & de Gaulle,Paul  Johnson,320,http://s.gr-assets.com/assets/nophoto/book/111x148-bcc042a9c91a29c1d680899eff700a03.png,http://www.goodreads.com/book/show/564278.Heroes,3.50,0
5544,"Surely You're Joking, Mr. Feynman!: Adventures of a Curious Character",Richard Feynman,391,http://images.gr-assets.com/books/1348445281m/5544.jpg,http://www.goodreads.com/book/show/5544.Surely_You_re_Joking_Mr_Feynman_,4.29,0
2477223,Managing Oneself,Peter F. Drucker,72,http://images.gr-assets.com/books/1400955564m/2477223.jpg,http://www.goodreads.com/book/show/2477223.Managing_Oneself,4.14,0
30627262,Две луни,Елена Павлова,264,http://images.gr-assets.com/books/1466005605m/30627262.jpg,http://www.goodreads.com/book/show/30627262,4.63,0
16244036,The Da Vinci Curse: Life Design for People with Too Many Interests and Talents,Leonardo Lospennato,232,http://images.gr-assets.com/books/1355948731m/16244036.jpg,http://www.goodreads.com/book/show/16244036-the-da-vinci-curse,3.82,0
29944446,Porcelain: A Memoir,Moby,,http://s.gr-assets.com/assets/nophoto/book/111x148-bcc042a9c91a29c1d680899eff700a03.png,http://www.goodreads.com/book/show/29944446-porcelain,4.03,0
163436,Paul Rand: A Designer's Art,Paul Rand,253,http://s.gr-assets.com/assets/nophoto/book/111x148-bcc042a9c91a29c1d680899eff700a03.png,http://www.goodreads.com/book/show/163436.Paul_Rand,4.25,0
613548,From Lascaux to Brooklyn,Paul Rand,187,http://s.gr-assets.com/assets/nophoto/book/111x148-bcc042a9c91a29c1d680899eff700a03.png,http://www.goodreads.com/book/show/613548.From_Lascaux_to_Brooklyn,4.26,0
447648,"Getting Real: The Smarter, Faster, Easier Way to Build a Web Application",37 Signals,171,http://images.gr-assets.com/books/1384467434m/447648.jpg,http://www.goodreads.com/book/show/447648.Getting_Real,4.07,0
27036528,Ego Is the Enemy,Ryan Holiday,226,http://images.gr-assets.com/books/1459114043m/27036528.jpg,http://www.goodreads.com/book/show/27036528-ego-is-the-enemy,4.11,0
6419180,Paprika,Yasutaka Tsutsui,350,http://s.gr-assets.com/assets/nophoto/book/111x148-bcc042a9c91a29c1d680899eff700a03.png,http://www.goodreads.com/book/show/6419180-paprika,3.27,0
8854717,Мавзолей,Ружа Лазарова,228,http://s.gr-assets.com/assets/nophoto/book/111x148-bcc042a9c91a29c1d680899eff700a03.png,http://www.goodreads.com/book/show/8854717,3.74,0
1622930,The Music Lesson: A Spiritual Search for Growth Through Music,Victor L. Wooten,288,http://s.gr-assets.com/assets/nophoto/book/111x148-bcc042a9c91a29c1d680899eff700a03.png,http://www.goodreads.com/book/show/1622930.The_Music_Lesson,4.12,0
257015,Getting Started in Electronics,Forrest M. Mims III,128,http://s.gr-assets.com/assets/nophoto/book/111x148-bcc042a9c91a29c1d680899eff700a03.png,http://www.goodreads.com/book/show/257015.Getting_Started_in_Electronics,4.12,0
24878857,Postcapitalism: A Guide to Our Future,Paul Mason,368,http://images.gr-assets.com/books/1437580637m/24878857.jpg,http://www.goodreads.com/book/show/24878857-postcapitalism,3.96,1
112245,Literate Programming,Donald Ervin Knuth,384,http://images.gr-assets.com/books/1328862055m/112245.jpg,http://www.goodreads.com/book/show/112245.Literate_Programming,3.84,0
25614898,When Breath Becomes Air,Paul Kalanithi,230,http://images.gr-assets.com/books/1463936399m/25614898.jpg,http://www.goodreads.com/book/show/25614898-when-breath-becomes-air,4.36,0
2318174,Detail In Typography,Jost Hochuli,61,http://s.gr-assets.com/assets/nophoto/book/111x148-bcc042a9c91a29c1d680899eff700a03.png,http://www.goodreads.com/book/show/2318174.Detail_In_Typography,4.42,1
378165,Stop Stealing Sheep & Find Out How Type Works,Erik Spiekermann,208,http://s.gr-assets.com/assets/nophoto/book/111x148-bcc042a9c91a29c1d680899eff700a03.png,http://www.goodreads.com/book/show/378165.Stop_Stealing_Sheep_Find_Out_How_Type_Works,3.91,1
15772292,Inside Paragraphs: typographic fundamentals,Cyrus Highsmith,102,http://images.gr-assets.com/books/1345101264m/15772292.jpg,http://www.goodreads.com/book/show/15772292-inside-paragraphs,4.20,0
8504892,Thinking With Type,Ellen Lupton,224,http://images.gr-assets.com/books/1351038761m/8504892.jpg,http://www.goodreads.com/book/show/8504892-thinking-with-type,4.06,1
23736525,With My Eyes Wide Open: Miracles and Mistakes on My Way Back to KoRn,Brian Welch,240,http://images.gr-assets.com/books/1447696210m/23736525.jpg,http://www.goodreads.com/book/show/23736525-with-my-eyes-wide-open,4.47,0
103761,Zen in the Art of Writing,Ray Bradbury,158,http://images.gr-assets.com/books/1436734917m/103761.jpg,http://www.goodreads.com/book/show/103761.Zen_in_the_Art_of_Writing,4.11,0
28180121,Mastering Business Email: How to write emails that get read,Josh Doody,,http://s.gr-assets.com/assets/nophoto/book/111x148-bcc042a9c91a29c1d680899eff700a03.png,http://www.goodreads.com/book/show/28180121-mastering-business-email,2.50,1
9969571,Ready Player One,Ernest Cline,374,http://images.gr-assets.com/books/1406383612m/9969571.jpg,http://www.goodreads.com/book/show/9969571-ready-player-one,4.31,0
1443058,Something Really New: Three Simple Steps to Creating Truly Innovative Products,Denis J. Hauptly,242,http://s.gr-assets.com/assets/nophoto/book/111x148-bcc042a9c91a29c1d680899eff700a03.png,http://www.goodreads.com/book/show/1443058.Something_Really_New,3.21,0
4898,Blue Ocean Strategy: How To Create Uncontested Market Space And Make The Competition Irrelevant,W. Chan Kim,256,http://images.gr-assets.com/books/1416445924m/4898.jpg,http://www.goodreads.com/book/show/4898.Blue_Ocean_Strategy,3.83,0
18105313,Карта и територия,Michel Houellebecq,376,http://images.gr-assets.com/books/1371705774m/18105313.jpg,http://www.goodreads.com/book/show/18105313,3.92,1
25814544,Sprint: How to Solve Big Problems and Test New Ideas in Just Five Days,Jake Knapp,274,http://images.gr-assets.com/books/1457284924m/25814544.jpg,http://www.goodreads.com/book/show/25814544-sprint,4.29,1
3368,Don't Make Me Think: A Common Sense Approach to Web Usability,Steve Krug,201,http://s.gr-assets.com/assets/nophoto/book/111x148-bcc042a9c91a29c1d680899eff700a03.png,http://www.goodreads.com/book/show/3368.Don_t_Make_Me_Think,4.23,1
61903,"Shards of Honour  (Vorkosigan Saga, #1)",Lois McMaster Bujold,253,http://images.gr-assets.com/books/1392767899m/61903.jpg,http://www.goodreads.com/book/show/61903.Shards_of_Honour,4.13,0
18182,A Theory of Fun for Game Design,Raph Koster,256,http://images.gr-assets.com/books/1436738997m/18182.jpg,http://www.goodreads.com/book/show/18182.A_Theory_of_Fun_for_Game_Design,3.95,0
23524782,Alan Turing: The Enigma,Andrew Hodges,,http://s.gr-assets.com/assets/nophoto/book/111x148-bcc042a9c91a29c1d680899eff700a03.png,http://www.goodreads.com/book/show/23524782-alan-turing,3.77,1
18505838,"Meat Is for Pussies: A How-To Guide for Dudes Who Want to Get Fit, Kick Ass, and Take Names",John  Joseph,320,http://images.gr-assets.com/books/1403165365m/18505838.jpg,http://www.goodreads.com/book/show/18505838-meat-is-for-pussies,4.00,1
22323,Burning Chrome,William Gibson,224,http://s.gr-assets.com/assets/nophoto/book/111x148-bcc042a9c91a29c1d680899eff700a03.png,http://www.goodreads.com/book/show/22323.Burning_Chrome,4.04,1
74298,Strange Fascination: David Bowie: The Definitive Story,David Buckley,641,http://images.gr-assets.com/books/1312019882m/74298.jpg,http://www.goodreads.com/book/show/74298.Strange_Fascination,3.96,0
837905,"Margin: Restoring Emotional, Physical, Financial, and Time Reserves to Overloaded Lives",Richard A. Swenson,240,http://s.gr-assets.com/assets/nophoto/book/111x148-bcc042a9c91a29c1d680899eff700a03.png,http://www.goodreads.com/book/show/837905.Margin,3.89,0
22005475,"Weniger, Aber Besser/Less But Better",Dieter Rams,154,http://images.gr-assets.com/books/1404962234m/22005475.jpg,http://www.goodreads.com/book/show/22005475-weniger-aber-besser-less-but-better,4.62,0
3869,A Brief History of Time,Stephen Hawking,212,http://images.gr-assets.com/books/1333578746m/3869.jpg,http://www.goodreads.com/book/show/3869.A_Brief_History_of_Time,4.10,0
164194,How to be a Graphic Designer Without Losing Your Soul,Adrian Shaughnessy,160,http://s.gr-assets.com/assets/nophoto/book/111x148-bcc042a9c91a29c1d680899eff700a03.png,http://www.goodreads.com/book/show/164194.How_to_be_a_Graphic_Designer_Without_Losing_Your_Soul,3.94,0
16150185,The Geometry of Type,Stephen  Coles,256,http://images.gr-assets.com/books/1352925737m/16150185.jpg,http://www.goodreads.com/book/show/16150185-the-geometry-of-type,4.21,0
22005479,The Monocle Guide to Good Business,Monocle,304,http://images.gr-assets.com/books/1420786371m/22005479.jpg,http://www.goodreads.com/book/show/22005479-the-monocle-guide-to-good-business,4.31,0
11860352,A5/05: Lufthansa and Graphic Design: Visual History of an Airplane,Jens Müller,128,http://images.gr-assets.com/books/1370843537m/11860352.jpg,http://www.goodreads.com/book/show/11860352-a5-05,4.47,0
2888995,Thoughts on Design,Paul Rand,95,http://s.gr-assets.com/assets/nophoto/book/111x148-bcc042a9c91a29c1d680899eff700a03.png,http://www.goodreads.com/book/show/2888995-thoughts-on-design,4.13,0
350962,Grid Systems in Graphic Design/Raster Systeme Fur Die Visuele Gestaltung,Josef Müller-Brockmann,176,http://s.gr-assets.com/assets/nophoto/book/111x148-bcc042a9c91a29c1d680899eff700a03.png,http://www.goodreads.com/book/show/350962.Grid_Systems_in_Graphic_Design_Raster_Systeme_Fur_Die_Visuele_Gestaltung,4.13,0
9180968,The Vignelli Canon,Massimo Vignelli,110,http://s.gr-assets.com/assets/nophoto/book/111x148-bcc042a9c91a29c1d680899eff700a03.png,http://www.goodreads.com/book/show/9180968-the-vignelli-canon,4.53,0
12404631,Machine Learning in Action,Peter Harrington,384,http://images.gr-assets.com/books/1324199832m/12404631.jpg,http://www.goodreads.com/book/show/12404631-machine-learning-in-action,3.68,0
23816485,Unity in Action,Joseph Hocking,352,http://images.gr-assets.com/books/1418768198m/23816485.jpg,http://www.goodreads.com/book/show/23816485-unity-in-action,4.48,0
117896,Moscow to the End of the Line,Venedikt Erofeev,164,http://s.gr-assets.com/assets/nophoto/book/111x148-bcc042a9c91a29c1d680899eff700a03.png,http://www.goodreads.com/book/show/117896.Moscow_to_the_End_of_the_Line,4.06,0
685172,Incidences,Daniil Kharms,240,http://images.gr-assets.com/books/1328705126m/685172.jpg,http://www.goodreads.com/book/show/685172.Incidences,4.36,0
16241535,The Lost Art of Finding Our Way,John Edward Huth,544,http://images.gr-assets.com/books/1361746278m/16241535.jpg,http://www.goodreads.com/book/show/16241535-the-lost-art-of-finding-our-way,3.80,0
116196,The Supermen: The Story of Seymour Cray and the Technical Wizards Behind the Supercomputer,Charles J. Murray,232,http://s.gr-assets.com/assets/nophoto/book/111x148-bcc042a9c91a29c1d680899eff700a03.png,http://www.goodreads.com/book/show/116196.The_Supermen,4.05,0
26203640,Nonviolent Communication: A Language of Life: Life-Changing Tools for Healthy Relationships (Nonviolent Communication Guides),Marshall B. Rosenberg,,http://s.gr-assets.com/assets/nophoto/book/111x148-bcc042a9c91a29c1d680899eff700a03.png,http://www.goodreads.com/book/show/26203640-nonviolent-communication,4.29,0
22571507,The Powerhouse: Inside the Invention of a Battery to Save the World,Steve Levine,320,http://images.gr-assets.com/books/1404485070m/22571507.jpg,http://www.goodreads.com/book/show/22571507-the-powerhouse,3.41,0
25622227,The Song Machine: Inside the Hit Factory,John Seabrook,352,http://images.gr-assets.com/books/1434043108m/25622227.jpg,http://www.goodreads.com/book/show/25622227-the-song-machine,3.94,0
23692271,Sapiens: A Brief History of Humankind,Yuval Noah Harari,443,http://images.gr-assets.com/books/1420585954m/23692271.jpg,http://www.goodreads.com/book/show/23692271-sapiens,4.32,0
10258481,"A Geek in Japan: Discovering the Land of Manga, Anime, Zen, and the Tea Ceremony",Hector Garcia Puigcerver,160,http://images.gr-assets.com/books/1364138750m/10258481.jpg,http://www.goodreads.com/book/show/10258481-a-geek-in-japan,3.83,0
6658783,Rocket Surgery Made Easy: The Do-It-Yourself Guide to Finding and Fixing Usability Problems,Steve Krug,161,http://s.gr-assets.com/assets/nophoto/book/111x148-bcc042a9c91a29c1d680899eff700a03.png,http://www.goodreads.com/book/show/6658783-rocket-surgery-made-easy,4.09,0
13131582,Blindspot: Hidden Biases of Good People,Mahzarin R. Banaji,272,http://images.gr-assets.com/books/1348186028m/13131582.jpg,http://www.goodreads.com/book/show/13131582-blindspot,3.69,0
13626073,Valve: Handbook For New Employees,Valve,57,http://images.gr-assets.com/books/1335662691m/13626073.jpg,http://www.goodreads.com/book/show/13626073-valve,4.41,0
20893481,The Churchill Factor: How One Man Made History,Boris Johnson,400,http://images.gr-assets.com/books/1396839521m/20893481.jpg,http://www.goodreads.com/book/show/20893481-the-churchill-factor,4.07,0
8942710,I'm In the Band: Backstage Notes from the Chick in White Zombie,Sean Yseult,192,http://images.gr-assets.com/books/1328753730m/8942710.jpg,http://www.goodreads.com/book/show/8942710-i-m-in-the-band,4.22,0
493181,Inside Intel: Andy Grove and the Rise of the World's Most Powerful Chip Company,Tim Jackson,432,http://s.gr-assets.com/assets/nophoto/book/111x148-bcc042a9c91a29c1d680899eff700a03.png,http://www.goodreads.com/book/show/493181.Inside_Intel,3.97,0
6389257,The Death of Bunny Munro,Nick Cave,288,http://s.gr-assets.com/assets/nophoto/book/111x148-bcc042a9c91a29c1d680899eff700a03.png,http://www.goodreads.com/book/show/6389257-the-death-of-bunny-munro,3.43,1
25565136,Куфарът на брат ми / My Brother's Suitcase,Невена Дишлиева-Кръстева,240,http://images.gr-assets.com/books/1432054057m/25565136.jpg,http://www.goodreads.com/book/show/25565136-my-brother-s-suitcase,4.07,1
18917970,Essential Manners for Men 2nd Ed,Peter  Post,,http://s.gr-assets.com/assets/nophoto/book/111x148-bcc042a9c91a29c1d680899eff700a03.png,http://www.goodreads.com/book/show/18917970-essential-manners-for-men-2nd-ed,3.53,1
13100158,"The Solopreneur Life: 42 Solo-Business Owners Speak the Truth on Dreaming Big, Failing Forward, and Calling Your Own Shots",Larry Keltto,134,http://s.gr-assets.com/assets/nophoto/book/111x148-bcc042a9c91a29c1d680899eff700a03.png,http://www.goodreads.com/book/show/13100158-the-solopreneur-life,3.50,0
216363,The Man in the High Castle,Philip K. Dick,259,http://images.gr-assets.com/books/1448756803m/216363.jpg,http://www.goodreads.com/book/show/216363.The_Man_in_the_High_Castle,3.70,1
534289,The I Ching or Book of Changes,Anonymous,740,http://images.gr-assets.com/books/1406503668m/534289.jpg,http://www.goodreads.com/book/show/534289.The_I_Ching_or_Book_of_Changes,4.17,0
439732,Life Is Like a Chicken COOP Ladder: A Study of German National Character Through Folklore,Gerald Dumas,192,http://s.gr-assets.com/assets/nophoto/book/111x148-bcc042a9c91a29c1d680899eff700a03.png,http://www.goodreads.com/book/show/439732.Life_Is_Like_a_Chicken_COOP_Ladder,4.06,0
22811444,Making It Right: Product Management For A Startup World,Rian Van Der Merwe,,http://s.gr-assets.com/assets/nophoto/book/111x148-bcc042a9c91a29c1d680899eff700a03.png,http://www.goodreads.com/book/show/22811444-making-it-right,4.10,0
20949594,McGlue,Ottessa Moshfegh,144,http://images.gr-assets.com/books/1398195273m/20949594.jpg,http://www.goodreads.com/book/show/20949594-mcglue,3.87,0
23012474,Love and Other Ways of Dying: Essays,Michael Paterniti,464,http://images.gr-assets.com/books/1421711648m/23012474.jpg,http://www.goodreads.com/book/show/23012474-love-and-other-ways-of-dying,3.94,0
25000037,Docker: Up & Running: Shipping Reliable Containers in Production,Karl Matthias,232,http://s.gr-assets.com/assets/nophoto/book/111x148-bcc042a9c91a29c1d680899eff700a03.png,http://www.goodreads.com/book/show/25000037-docker,3.79,1
10861,Pipe Dreams: A Surfer's Journey,Kelly Slater,352,http://s.gr-assets.com/assets/nophoto/book/111x148-bcc042a9c91a29c1d680899eff700a03.png,http://www.goodreads.com/book/show/10861.Pipe_Dreams,3.73,0
16158493,The First 20 Hours: How to Learn Anything...Fast,Josh Kaufman,288,http://images.gr-assets.com/books/1364771935m/16158493.jpg,http://www.goodreads.com/book/show/16158493-the-first-20-hours,3.44,0
10658,The New New Thing: A Silicon Valley Story,Michael Lewis,289,http://s.gr-assets.com/assets/nophoto/book/111x148-bcc042a9c91a29c1d680899eff700a03.png,http://www.goodreads.com/book/show/10658.The_New_New_Thing,3.69,1
388225,"Idoru (Bridges Trilogy, #2)",William Gibson,,http://s.gr-assets.com/assets/nophoto/book/111x148-bcc042a9c91a29c1d680899eff700a03.png,http://www.goodreads.com/book/show/388225.Idoru,3.77,1
12090979,Изкуството на войната,Sun Tzu,96,http://images.gr-assets.com/books/1374613982m/12090979.jpg,http://www.goodreads.com/book/show/12090979,3.95,1
6094145,The Metamorphosis and Other Stories,Franz Kafka,194,http://s.gr-assets.com/assets/nophoto/book/111x148-bcc042a9c91a29c1d680899eff700a03.png,http://www.goodreads.com/book/show/6094145-the-metamorphosis-and-other-stories,3.99,1
56132,The Picture of Dorian Gray and Three Stories,Oscar Wilde,336,http://s.gr-assets.com/assets/nophoto/book/111x148-bcc042a9c91a29c1d680899eff700a03.png,http://www.goodreads.com/book/show/56132.The_Picture_of_Dorian_Gray_and_Three_Stories,4.11,1
6965068,Warrior Wolf Women of the Wasteland,Carlton Mellick III,300,http://s.gr-assets.com/assets/nophoto/book/111x148-bcc042a9c91a29c1d680899eff700a03.png,http://www.goodreads.com/book/show/6965068-warrior-wolf-women-of-the-wasteland,4.11,0
7784,The Lorax,Dr. Seuss,72,http://images.gr-assets.com/books/1327879938m/7784.jpg,http://www.goodreads.com/book/show/7784.The_Lorax,4.35,0
7745,Fear and Loathing in Las Vegas,Hunter S. Thompson,204,http://images.gr-assets.com/books/1394204569m/7745.jpg,http://www.goodreads.com/book/show/7745.Fear_and_Loathing_in_Las_Vegas,4.08,1
2657,To Kill a Mockingbird,Harper Lee,324,http://images.gr-assets.com/books/1361975680m/2657.jpg,http://www.goodreads.com/book/show/2657.To_Kill_a_Mockingbird,4.25,0
17716,Waiting for Godot,Samuel Beckett,109,http://images.gr-assets.com/books/1327910301m/17716.jpg,http://www.goodreads.com/book/show/17716.Waiting_for_Godot,3.81,0
11910905,The Charisma Myth: How Anyone Can Master the Art and Science of Personal Magnetism,Olivia Fox Cabane,264,http://s.gr-assets.com/assets/nophoto/book/111x148-bcc042a9c91a29c1d680899eff700a03.png,http://www.goodreads.com/book/show/11910905-the-charisma-myth,3.93,0
362430,This Business of Music: The Definitive Guide to the Music Industry,M. William Krasilovsky,526,http://s.gr-assets.com/assets/nophoto/book/111x148-bcc042a9c91a29c1d680899eff700a03.png,http://www.goodreads.com/book/show/362430.This_Business_of_Music,3.85,0
13235689,How Music Works,David Byrne,345,http://images.gr-assets.com/books/1340792878m/13235689.jpg,http://www.goodreads.com/book/show/13235689-how-music-works,3.94,0
416318,The Ego and Its Own,Max Stirner,432,http://images.gr-assets.com/books/1294696844m/416318.jpg,http://www.goodreads.com/book/show/416318.The_Ego_and_Its_Own,4.08,0
23217084,"People Over Profit: Break the System, Live with Purpose, Be More Successful",Dale Partridge,256,http://images.gr-assets.com/books/1422811394m/23217084.jpg,http://www.goodreads.com/book/show/23217084-people-over-profit,4.07,0
10660230,Super Mario: How Nintendo Conquered America,Jeff   Ryan,292,http://s.gr-assets.com/assets/nophoto/book/111x148-bcc042a9c91a29c1d680899eff700a03.png,http://www.goodreads.com/book/show/10660230-super-mario,3.75,0
18216917,Swarmwise,Rick Falkvinge,281,http://images.gr-assets.com/books/1374299968m/18216917.jpg,http://www.goodreads.com/book/show/18216917-swarmwise,4.15,0
25224275,The Design of Everyday Things,Donald A. Norman,,http://s.gr-assets.com/assets/nophoto/book/111x148-bcc042a9c91a29c1d680899eff700a03.png,http://www.goodreads.com/book/show/25224275-the-design-of-everyday-things,4.17,0
22529127,Team of Teams: The Power of Small Groups in a Fragmented World,Stanley McChrystal,304,http://images.gr-assets.com/books/1435278580m/22529127.jpg,http://www.goodreads.com/book/show/22529127-team-of-teams,4.22,0
6667514,The Checklist Manifesto: How to Get Things Right,Atul Gawande,208,http://images.gr-assets.com/books/1312061594m/6667514.jpg,http://www.goodreads.com/book/show/6667514-the-checklist-manifesto,4.01,1
25407362,"Reframe: Shift the Way You Think, Work, and Innovate",Mona Patel,181,http://images.gr-assets.com/books/1429948077m/25407362.jpg,http://www.goodreads.com/book/show/25407362-reframe,3.84,0
23705512,You're Never Weird on the Internet,Felicia Day,260,http://images.gr-assets.com/books/1440565049m/23705512.jpg,http://www.goodreads.com/book/show/23705512-you-re-never-weird-on-the-internet,4.15,0
17382980,Асамтой,Etgar Keret,156,http://images.gr-assets.com/books/1361190458m/17382980.jpg,http://www.goodreads.com/book/show/17382980,4.00,1
13658,"The Other Wind (Earthsea Cycle, #6)",Ursula K. Le Guin,211,http://images.gr-assets.com/books/1309285821m/13658.jpg,http://www.goodreads.com/book/show/13658.The_Other_Wind,4.04,0
13659,"Tales from Earthsea (Earthsea Cycle, #5)",Ursula K. Le Guin,280,http://images.gr-assets.com/books/1309202073m/13659.jpg,http://www.goodreads.com/book/show/13659.Tales_from_Earthsea,3.99,0
13661,"Tehanu (Earthsea Cycle, #4)",Ursula K. Le Guin,281,http://s.gr-assets.com/assets/nophoto/book/111x148-bcc042a9c91a29c1d680899eff700a03.png,http://www.goodreads.com/book/show/13661.Tehanu,3.87,1
12691864,"Космосът да ти е на помощ, Александър",Иван Мариновски,312,http://images.gr-assets.com/books/1316683162m/12691864.jpg,http://www.goodreads.com/book/show/12691864,4.48,0
17209001,Деветата порта,Arturo Pérez-Reverte,431,http://images.gr-assets.com/books/1357339765m/17209001.jpg,http://www.goodreads.com/book/show/17209001,3.81,0
23398715,"How Music Got Free: The End of an Industry, the Turn of the Century, and the Patient Zero of Piracy",Stephen Richard Witt,304,http://images.gr-assets.com/books/1414348373m/23398715.jpg,http://www.goodreads.com/book/show/23398715-how-music-got-free,4.20,0
17336787,Planescape: Torment,Chris Avellone,1218,http://images.gr-assets.com/books/1360145856m/17336787.jpg,http://www.goodreads.com/book/show/17336787-planescape,4.05,0
17910048,The Goblin Emperor,Katherine Addison,446,http://images.gr-assets.com/books/1373039517m/17910048.jpg,http://www.goodreads.com/book/show/17910048-the-goblin-emperor,4.05,1
26063183,За трудностите в живота,Petar Dunov,223,http://images.gr-assets.com/books/1439052038m/26063183.jpg,http://www.goodreads.com/book/show/26063183,0.0,1
17236175,Just Enough Research,Erika Hall,154,http://images.gr-assets.com/books/1379351795m/17236175.jpg,http://www.goodreads.com/book/show/17236175-just-enough-research,4.09,1
13608106,On Web Typography,Jason Santa Maria,142,http://images.gr-assets.com/books/1358192116m/13608106.jpg,http://www.goodreads.com/book/show/13608106-on-web-typography,4.23,0
18302455,The Circle,Dave Eggers,508,http://images.gr-assets.com/books/1376419833m/18302455.jpg,http://www.goodreads.com/book/show/18302455-the-circle,3.45,1
7061309,Fragile Things: Short Fictions and Wonders,Neil Gaiman,396,http://s.gr-assets.com/assets/nophoto/book/111x148-bcc042a9c91a29c1d680899eff700a03.png,http://www.goodreads.com/book/show/7061309-fragile-things,4.02,1
168663,Galápagos,Kurt Vonnegut,237,http://s.gr-assets.com/assets/nophoto/book/111x148-bcc042a9c91a29c1d680899eff700a03.png,http://www.goodreads.com/book/show/168663.Gal_pagos,3.87,1
3228917,Outliers: The Story of Success,Malcolm Gladwell,309,http://images.gr-assets.com/books/1344266315m/3228917.jpg,http://www.goodreads.com/book/show/3228917-outliers,4.10,0
7155145,Linchpin: Are You Indispensable?,Seth Godin,244,http://s.gr-assets.com/assets/nophoto/book/111x148-bcc042a9c91a29c1d680899eff700a03.png,http://www.goodreads.com/book/show/7155145-linchpin,3.87,1
63697,The Man Who Mistook His Wife for a Hat and Other Clinical Tales,Oliver Sacks,243,http://images.gr-assets.com/books/1447047702m/63697.jpg,http://www.goodreads.com/book/show/63697.The_Man_Who_Mistook_His_Wife_for_a_Hat_and_Other_Clinical_Tales,4.03,0
259031,Why We Buy: The Science of Shopping,Paco Underhill,,http://s.gr-assets.com/assets/nophoto/book/111x148-bcc042a9c91a29c1d680899eff700a03.png,http://www.goodreads.com/book/show/259031.Why_We_Buy,3.86,0
11104933,Willpower: Rediscovering the Greatest Human Strength,Roy F. Baumeister,291,http://s.gr-assets.com/assets/nophoto/book/111x148-bcc042a9c91a29c1d680899eff700a03.png,http://www.goodreads.com/book/show/11104933-willpower,3.95,0
61329,Crossing the Chasm: Marketing and Selling High-Tech Products to Mainstream Customers,Geoffrey A. Moore,211,http://images.gr-assets.com/books/1421709292m/61329.jpg,http://www.goodreads.com/book/show/61329.Crossing_the_Chasm,4.00,1
28636,The Curtain: An Essay in Seven Parts,Milan Kundera,168,http://s.gr-assets.com/assets/nophoto/book/111x148-bcc042a9c91a29c1d680899eff700a03.png,http://www.goodreads.com/book/show/28636.The_Curtain,3.95,0
20660692,"Кривата на щастието: За спорта, Вселената и всичко останало",Иво Иванов,516,http://images.gr-assets.com/books/1391166345m/20660692.jpg,http://www.goodreads.com/book/show/20660692,4.67,1
20980987,"The Art of Asking; or, How I Learned to Stop Worrying and Let People Help",Amanda Palmer,339,http://images.gr-assets.com/books/1408547261m/20980987.jpg,http://www.goodreads.com/book/show/20980987-the-art-of-asking-or-how-i-learned-to-stop-worrying-and-let-people-hel,3.96,1
23604940,Losing the Signal: The Untold Story Behind the Extraordinary Rise and Spectacular Fall of BlackBerry,Jacquie McNish,288,http://images.gr-assets.com/books/1426128020m/23604940.jpg,http://www.goodreads.com/book/show/23604940-losing-the-signal,4.01,0
6177595,Поздрави от мен боговете,Димитър Воев,88,http://s.gr-assets.com/assets/nophoto/book/111x148-bcc042a9c91a29c1d680899eff700a03.png,http://www.goodreads.com/book/show/6177595,4.62,0
11467066,The Toaster Project: Or a Heroic Attempt to Build a Simple Electric Appliance from Scratch,Thomas Thwaites,192,http://images.gr-assets.com/books/1327901764m/11467066.jpg,http://www.goodreads.com/book/show/11467066-the-toaster-project,3.77,1
22318578,The Life-Changing Magic of Tidying Up: The Japanese Art of Decluttering and Organizing,Marie Kondō,213,http://images.gr-assets.com/books/1418767178m/22318578.jpg,http://www.goodreads.com/book/show/22318578-the-life-changing-magic-of-tidying-up,3.77,1
25146174,Улична храна,Lonely Planet,224,http://images.gr-assets.com/books/1426411578m/25146174.jpg,http://www.goodreads.com/book/show/25146174,4.00,1
22694448,Letters from Cythera - A Ludibrium,Jaz Coleman,485,http://images.gr-assets.com/books/1404870369m/22694448.jpg,http://www.goodreads.com/book/show/22694448-letters-from-cythera---a-ludibrium,4.00,0
55876,How to Lose Friends and Alienate People,Toby Young,368,http://images.gr-assets.com/books/1327636872m/55876.jpg,http://www.goodreads.com/book/show/55876.How_to_Lose_Friends_and_Alienate_People,3.29,0
93251,The October Country,Ray Bradbury,334,http://s.gr-assets.com/assets/nophoto/book/111x148-bcc042a9c91a29c1d680899eff700a03.png,http://www.goodreads.com/book/show/93251.The_October_Country,4.16,1
15847933,Confident Ruby,Avdi Grimm,296,http://images.gr-assets.com/books/1398328834m/15847933.jpg,http://www.goodreads.com/book/show/15847933-confident-ruby,4.38,1
70420,The Undercover Economist,Tim Harford,276,http://s.gr-assets.com/assets/nophoto/book/111x148-bcc042a9c91a29c1d680899eff700a03.png,http://www.goodreads.com/book/show/70420.The_Undercover_Economist,3.78,1
48484,"Blindsight (Firefall, #1)",Peter Watts,384,http://s.gr-assets.com/assets/nophoto/book/111x148-bcc042a9c91a29c1d680899eff700a03.png,http://www.goodreads.com/book/show/48484.Blindsight,3.98,0
85009,Design Patterns: Elements of Reusable Object-Oriented Software,Erich Gamma,416,http://s.gr-assets.com/assets/nophoto/book/111x148-bcc042a9c91a29c1d680899eff700a03.png,http://www.goodreads.com/book/show/85009.Design_Patterns,4.14,0
43713,Structure and Interpretation of Computer Programs,Harold Abelson,657,http://s.gr-assets.com/assets/nophoto/book/111x148-bcc042a9c91a29c1d680899eff700a03.png,http://www.goodreads.com/book/show/43713.Structure_and_Interpretation_of_Computer_Programs,4.45,0
11890985,Designed for Use,Lukas Mathis,344,http://images.gr-assets.com/books/1313466157m/11890985.jpg,http://www.goodreads.com/book/show/11890985-designed-for-use,3.87,1
108978,Slaughterhouse-Five,Kurt Vonnegut,177,http://images.gr-assets.com/books/1356442485m/108978.jpg,http://www.goodreads.com/book/show/108978.Slaughterhouse_Five,4.04,1
664566,Margrave Of The Marshes,John  Peel,508,http://images.gr-assets.com/books/1348516746m/664566.jpg,http://www.goodreads.com/book/show/664566.Margrave_Of_The_Marshes,3.98,1
668714,The Goblin Reservation,Clifford D. Simak,192,http://s.gr-assets.com/assets/nophoto/book/111x148-bcc042a9c91a29c1d680899eff700a03.png,http://www.goodreads.com/book/show/668714.The_Goblin_Reservation,4.00,1
25077624,How They Got There: Interviews With Digital Designers About Their Careers,Khoi Vinh,,http://images.gr-assets.com/books/1425568592m/25077624.jpg,http://www.goodreads.com/book/show/25077624-how-they-got-there,3.42,0
23395719,Becoming Steve Jobs: The Evolution of a Reckless Upstart into a Visionary Leader,Brent Schlender,464,http://images.gr-assets.com/books/1421713283m/23395719.jpg,http://www.goodreads.com/book/show/23395719-becoming-steve-jobs,4.18,1
2424726,"Words That Work: It's Not What You Say, It's What People Hear",Frank Luntz,368,http://images.gr-assets.com/books/1365985132m/2424726.jpg,http://www.goodreads.com/book/show/2424726.Words_That_Work,3.60,0
12605157,"The $100 Startup: Reinvent the Way You Make a Living, Do What You Love, and Create a New Future",Chris Guillebeau,268,http://images.gr-assets.com/books/1345666854m/12605157.jpg,http://www.goodreads.com/book/show/12605157-the-100-startup,3.83,0
13078769,Running Lean: Iterate from Plan A to a Plan That Works,Ash Maurya,240,http://images.gr-assets.com/books/1344712076m/13078769.jpg,http://www.goodreads.com/book/show/13078769-running-lean,4.07,0
98233,Founders at Work: Stories of Startups' Early Days,Jessica Livingston,456,http://s.gr-assets.com/assets/nophoto/book/111x148-bcc042a9c91a29c1d680899eff700a03.png,http://www.goodreads.com/book/show/98233.Founders_at_Work,3.93,0
4122,Built to Last: Successful Habits of Visionary Companies,James C. Collins,368,http://images.gr-assets.com/books/1412047084m/4122.jpg,http://www.goodreads.com/book/show/4122.Built_to_Last,3.96,0
12609433,The Power of Habit: Why We Do What We Do in Life and Business,Charles Duhigg,286,http://images.gr-assets.com/books/1366758683m/12609433.jpg,http://www.goodreads.com/book/show/12609433-the-power-of-habit,4.00,0
16045756,The Startup Owner's Manual Strategy Guide,Steven Gary Blank,,http://s.gr-assets.com/assets/nophoto/book/111x148-bcc042a9c91a29c1d680899eff700a03.png,http://www.goodreads.com/book/show/16045756-the-startup-owner-s-manual-strategy-guide,4.16,0
13234710,The Founder's Dilemmas: Anticipating and Avoiding the Pitfalls That Can Sink a Startup,Noam Wasserman,496,http://images.gr-assets.com/books/1356093515m/13234710.jpg,http://www.goodreads.com/book/show/13234710-the-founder-s-dilemmas,4.04,0
20133039,Leaving Microsoft to Change the World,John Wood,,http://s.gr-assets.com/assets/nophoto/book/111x148-bcc042a9c91a29c1d680899eff700a03.png,http://www.goodreads.com/book/show/20133039-leaving-microsoft-to-change-the-world,4.06,0
368593,The 4-Hour Workweek,Timothy Ferriss,308,http://s.gr-assets.com/assets/nophoto/book/111x148-bcc042a9c91a29c1d680899eff700a03.png,http://www.goodreads.com/book/show/368593.The_4_Hour_Workweek,3.81,0
6081261,What I Wish I Knew When I Was 20,Tina Seelig,184,http://s.gr-assets.com/assets/nophoto/book/111x148-bcc042a9c91a29c1d680899eff700a03.png,http://www.goodreads.com/book/show/6081261-what-i-wish-i-knew-when-i-was-20,3.92,0
76865,Good to Great: Why Some Companies Make the Leap... and Others Don't,James C. Collins,320,http://s.gr-assets.com/assets/nophoto/book/111x148-bcc042a9c91a29c1d680899eff700a03.png,http://www.goodreads.com/book/show/76865.Good_to_Great,4.02,0
18050143,"Zero to One: Notes on Startups, or How to Build the Future",Peter Thiel,195,http://images.gr-assets.com/books/1414347376m/18050143.jpg,http://www.goodreads.com/book/show/18050143-zero-to-one,4.17,1
13154246,Sorcery and Religion in Ancient Scandinavia,Varg Vikernes,128,http://images.gr-assets.com/books/1323039902m/13154246.jpg,http://www.goodreads.com/book/show/13154246-sorcery-and-religion-in-ancient-scandinavia,3.84,0
566213,The Secrets of Consulting: A Guide to Giving and Getting Advice Successfully,Gerald M. Weinberg,228,http://images.gr-assets.com/books/1356140085m/566213.jpg,http://www.goodreads.com/book/show/566213.The_Secrets_of_Consulting,4.00,0
6093864,Generation A,Douglas Coupland,320,http://images.gr-assets.com/books/1320492748m/6093864.jpg,http://www.goodreads.com/book/show/6093864-generation-a,3.54,1
18077903,"Creativity, Inc.: Overcoming the Unseen Forces That Stand in the Way of True Inspiration",Ed Catmull,340,http://images.gr-assets.com/books/1400863577m/18077903.jpg,http://www.goodreads.com/book/show/18077903-creativity-inc,4.22,1
2052465,101 Common Mistakes in Etiquette and How to Avoid Them,Emily Post,,http://s.gr-assets.com/assets/nophoto/book/111x148-bcc042a9c91a29c1d680899eff700a03.png,http://www.goodreads.com/book/show/2052465.101_Common_Mistakes_in_Etiquette_and_How_to_Avoid_Them,4.33,0
18811399,Etiquette,Emily Post,,http://s.gr-assets.com/assets/nophoto/book/111x148-bcc042a9c91a29c1d680899eff700a03.png,http://www.goodreads.com/book/show/18811399-etiquette,4.15,0
59924,The Lathe of Heaven,Ursula K. Le Guin,176,http://images.gr-assets.com/books/1433084322m/59924.jpg,http://www.goodreads.com/book/show/59924.The_Lathe_of_Heaven,4.09,1
7640261,Sex at Dawn: The Prehistoric Origins of Modern Sexuality,Christopher  Ryan,400,http://images.gr-assets.com/books/1291105594m/7640261.jpg,http://www.goodreads.com/book/show/7640261-sex-at-dawn,4.02,0
12799077,The Information Diet: A Case for Conscious Consumption,Clay A. Johnson,150,http://images.gr-assets.com/books/1327911076m/12799077.jpg,http://www.goodreads.com/book/show/12799077-the-information-diet,3.43,0
23258103,"The Mathematics of Love: Patterns, Proofs, and the Search for the Ultimate Equation",Hannah Fry,128,http://images.gr-assets.com/books/1422848670m/23258103.jpg,http://www.goodreads.com/book/show/23258103-the-mathematics-of-love,3.61,1
13142142,Физика на тъгата,Georgi Gospodinov,344,http://s.gr-assets.com/assets/nophoto/book/111x148-bcc042a9c91a29c1d680899eff700a03.png,http://www.goodreads.com/book/show/13142142,4.21,1
15712901,18% Gray,Zachary Karabashliev,264,http://images.gr-assets.com/books/1353004211m/15712901.jpg,http://www.goodreads.com/book/show/15712901-18-gray,4.03,0
23351705,Нощта е действие,Илиян Любомиров,64,http://images.gr-assets.com/books/1412939732m/23351705.jpg,http://www.goodreads.com/book/show/23351705,4.02,0
242472,The Black Swan: The Impact of the Highly Improbable,Nassim Nicholas Taleb,401,http://s.gr-assets.com/assets/nophoto/book/111x148-bcc042a9c91a29c1d680899eff700a03.png,http://www.goodreads.com/book/show/242472.The_Black_Swan,3.87,1
24674300,"Нещата, на които не ни учат в училище",Емил Конрад,112,http://images.gr-assets.com/books/1422110153m/24674300.jpg,http://www.goodreads.com/book/show/24674300,2.67,1
18656827,"Hatching Twitter: A True Story of Money, Power, Friendship, and Betrayal",Nick Bilton,299,http://images.gr-assets.com/books/1381332539m/18656827.jpg,http://www.goodreads.com/book/show/18656827-hatching-twitter,4.02,1
405447,The Faith of a Heretic,Walter Kaufmann,,http://images.gr-assets.com/books/1329894925m/405447.jpg,http://www.goodreads.com/book/show/405447.The_Faith_of_a_Heretic,4.49,0
211099,"Losing My Virginity: How I've Survived, Had Fun, and Made a Fortune Doing Business My Way",Richard Branson,,http://s.gr-assets.com/assets/nophoto/book/111x148-bcc042a9c91a29c1d680899eff700a03.png,http://www.goodreads.com/book/show/211099.Losing_My_Virginity,4.01,0
17612817,Worst. Person. Ever.,Douglas Coupland,336,http://images.gr-assets.com/books/1373495738m/17612817.jpg,http://www.goodreads.com/book/show/17612817-worst-person-ever,3.04,0
22307,Terry: Terry Fox and His Marathon of Hope,Douglas Coupland,176,http://s.gr-assets.com/assets/nophoto/book/111x148-bcc042a9c91a29c1d680899eff700a03.png,http://www.goodreads.com/book/show/22307.Terry,4.34,0
7872823,Player One: What Is to Become of Us,Douglas Coupland,256,http://images.gr-assets.com/books/1328772299m/7872823.jpg,http://www.goodreads.com/book/show/7872823-player-one,3.50,1
23658654,Confessions of a Heretic: The Sacred and the Profane: Behemoth and Beyond,Adam Nergal Darski,320,http://images.gr-assets.com/books/1420789663m/23658654.jpg,http://www.goodreads.com/book/show/23658654-confessions-of-a-heretic,4.03,0
721338,Agile Retrospectives: Making Good Teams Great,Esther Derby,170,http://images.gr-assets.com/books/1358993568m/721338.jpg,http://www.goodreads.com/book/show/721338.Agile_Retrospectives,3.91,0
22500611,Trigger Warning: Short Fictions and Disturbances,Neil Gaiman,368,http://images.gr-assets.com/books/1415036199m/22500611.jpg,http://www.goodreads.com/book/show/22500611-trigger-warning,3.92,1
67833,Extreme Programming Explained: Embrace Change (The XP Series),Kent Beck,224,http://s.gr-assets.com/assets/nophoto/book/111x148-bcc042a9c91a29c1d680899eff700a03.png,http://www.goodreads.com/book/show/67833.Extreme_Programming_Explained,4.04,0
1705697,Wastelands: Stories of the Apocalypse,John Joseph Adams,333,http://images.gr-assets.com/books/1391343189m/1705697.jpg,http://www.goodreads.com/book/show/1705697.Wastelands,3.78,1
22444244,Стаята,Богдан Русев,320,http://images.gr-assets.com/books/1402253299m/22444244.jpg,http://www.goodreads.com/book/show/22444244,2.77,1
23593534,Соц гурме,Albena Shkodrova,360,http://images.gr-assets.com/books/1416504861m/23593534.jpg,http://www.goodreads.com/book/show/23593534,4.08,1
7743349,The Singles Collection 1999-2009,Богдан Русев,184,http://images.gr-assets.com/books/1266361165m/7743349.jpg,http://www.goodreads.com/book/show/7743349-the-singles-collection-1999-2009,3.70,0
8853059,Електрочакра,Богдан Русев,116,http://images.gr-assets.com/books/1281619797m/8853059.jpg,http://www.goodreads.com/book/show/8853059,4.13,0
17789143,Вълшебната тетива,Джордж М. Джордж,160,http://images.gr-assets.com/books/1471006225m/17789143.jpg,http://www.goodreads.com/book/show/17789143,4.00,0
22375880,Ледената цитадела,Колин Уолъмбъри,160,http://images.gr-assets.com/books/1401454865m/22375880.jpg,http://www.goodreads.com/book/show/22375880,3.81,1
16369563,Патрул за ада: 2 в 1,Робърт Блонд,160,http://images.gr-assets.com/books/1355224336m/16369563.jpg,http://www.goodreads.com/book/show/16369563,3.79,0
17797582,Последният убиец на дракони,Робърт Блонд,96,http://images.gr-assets.com/books/1471870338m/17797582.jpg,http://www.goodreads.com/book/show/17797582,3.00,0
112146,"Pre: The Story of America's Greatest Running Legend, Steve Prefontaine",Tom Jordan,176,http://images.gr-assets.com/books/1312063898m/112146.jpg,http://www.goodreads.com/book/show/112146.Pre,3.98,0
46190,Love Is a Mix Tape,Rob Sheffield,224,http://s.gr-assets.com/assets/nophoto/book/111x148-bcc042a9c91a29c1d680899eff700a03.png,http://www.goodreads.com/book/show/46190.Love_Is_a_Mix_Tape,3.83,1
23605669,Когато искам да мълча,Кирил Златков,32,http://images.gr-assets.com/books/1416811518m/23605669.jpg,http://www.goodreads.com/book/show/23605669,4.74,0
6289283,"Born to Run: A Hidden Tribe, Superathletes, and the Greatest Race the World Has Never Seen",Christopher McDougall,287,http://images.gr-assets.com/books/1320531983m/6289283.jpg,http://www.goodreads.com/book/show/6289283-born-to-run,4.27,0
19404862,Hooked: How to Build Habit-Forming Products,Nir Eyal,193,http://images.gr-assets.com/books/1387391251m/19404862.jpg,http://www.goodreads.com/book/show/19404862-hooked,4.03,0
378161,In Sheep's Clothing: Understanding and Dealing with Manipulative People,George K. Simon Jr.,,http://s.gr-assets.com/assets/nophoto/book/111x148-bcc042a9c91a29c1d680899eff700a03.png,http://www.goodreads.com/book/show/378161.In_Sheep_s_Clothing,3.98,0
4268826,"Growing Object-Oriented Software, Guided by Tests",Steve  Freeman,345,http://s.gr-assets.com/assets/nophoto/book/111x148-bcc042a9c91a29c1d680899eff700a03.png,http://www.goodreads.com/book/show/4268826-growing-object-oriented-software-guided-by-tests,4.17,0
9765652,Rails Antipatterns: Best Practice Ruby on Rails Refactoring,Chad Pytel,341,http://images.gr-assets.com/books/1400891776m/9765652.jpg,http://www.goodreads.com/book/show/9765652-rails-antipatterns,3.98,0
11799211,Exceptional Ruby: Master the Art of Handling Failure in Ruby,Avdi Grimm,102,http://images.gr-assets.com/books/1309989829m/11799211.jpg,http://www.goodreads.com/book/show/11799211-exceptional-ruby,4.03,0
206731,The Tibetan Book of Living and Dying,Sogyal Rinpoche,464,http://s.gr-assets.com/assets/nophoto/book/111x148-bcc042a9c91a29c1d680899eff700a03.png,http://www.goodreads.com/book/show/206731.The_Tibetan_Book_of_Living_and_Dying,4.22,1
93892,Rapid Development: Taming Wild Software Schedules,Steve McConnell,674,http://images.gr-assets.com/books/1328757702m/93892.jpg,http://www.goodreads.com/book/show/93892.Rapid_Development,3.94,0
13507787,Practical Object Oriented Design in Ruby,Sandi Metz,247,http://images.gr-assets.com/books/1358916543m/13507787.jpg,http://www.goodreads.com/book/show/13507787-practical-object-oriented-design-in-ruby,4.56,1
70156,Patterns of Enterprise Application Architecture,Martin Fowler,533,http://s.gr-assets.com/assets/nophoto/book/111x148-bcc042a9c91a29c1d680899eff700a03.png,http://www.goodreads.com/book/show/70156.Patterns_of_Enterprise_Application_Architecture,4.13,0
21077847,The Man of the Crowd and other stories,Edgar Allan Poe,,http://s.gr-assets.com/assets/nophoto/book/111x148-bcc042a9c91a29c1d680899eff700a03.png,http://www.goodreads.com/book/show/21077847-the-man-of-the-crowd-and-other-stories,4.17,0
20821159,The Peripheral,William Gibson,485,http://images.gr-assets.com/books/1402651292m/20821159.jpg,http://www.goodreads.com/book/show/20821159-the-peripheral,3.94,1
10033368,PostgreSQL 9.0 High Performance,Gregory Smith,468,http://s.gr-assets.com/assets/nophoto/book/111x148-bcc042a9c91a29c1d680899eff700a03.png,http://www.goodreads.com/book/show/10033368-postgresql-9-0-high-performance,4.34,0
343,Perfume: The Story of a Murderer,Patrick Süskind,263,http://images.gr-assets.com/books/1409112276m/343.jpg,http://www.goodreads.com/book/show/343.Perfume,3.99,0
85041,Refactoring to Patterns,Joshua Kerievsky,400,http://s.gr-assets.com/assets/nophoto/book/111x148-bcc042a9c91a29c1d680899eff700a03.png,http://www.goodreads.com/book/show/85041.Refactoring_to_Patterns,3.98,0
185748,"Kiss Me, Judas",Will Christopher Baer,,http://s.gr-assets.com/assets/nophoto/book/111x148-bcc042a9c91a29c1d680899eff700a03.png,http://www.goodreads.com/book/show/185748.Kiss_Me_Judas,3.81,0
22299846,Git in Practice,Mike McQuaid,225,http://images.gr-assets.com/books/1411951537m/22299846.jpg,http://www.goodreads.com/book/show/22299846-git-in-practice,4.09,0
10964693,The Marriage Plot,Jeffrey Eugenides,406,http://images.gr-assets.com/books/1328736940m/10964693.jpg,http://www.goodreads.com/book/show/10964693-the-marriage-plot,3.42,0
816,Cryptonomicon,Neal Stephenson,1139,http://images.gr-assets.com/books/1327931476m/816.jpg,http://www.goodreads.com/book/show/816.Cryptonomicon,4.25,0
10552338,Reamde,Neal Stephenson,1044,http://images.gr-assets.com/books/1305993115m/10552338.jpg,http://www.goodreads.com/book/show/10552338-reamde,3.95,0
39662,Different Seasons,Stephen King,560,http://images.gr-assets.com/books/1329662611m/39662.jpg,http://www.goodreads.com/book/show/39662.Different_Seasons,4.33,0
18342,It,Stephen King,1093,http://images.gr-assets.com/books/1309376909m/18342.jpg,http://www.goodreads.com/book/show/18342.It,4.16,0
12683251,Вдъхновен от Стивън Кинг,Петър Станимиров,64,http://images.gr-assets.com/books/1316592456m/12683251.jpg,http://www.goodreads.com/book/show/12683251,4.88,0
6918930,Confessions of a Public Speaker,Scott Berkun,240,http://images.gr-assets.com/books/1328834973m/6918930.jpg,http://www.goodreads.com/book/show/6918930-confessions-of-a-public-speaker,3.92,0
3268590,Turtle Feet,Nikolai Grozni,326,http://s.gr-assets.com/assets/nophoto/book/111x148-bcc042a9c91a29c1d680899eff700a03.png,http://www.goodreads.com/book/show/3268590-turtle-feet,3.86,0
44936,Refactoring: Improving the Design of Existing Code,Martin Fowler,431,http://s.gr-assets.com/assets/nophoto/book/111x148-bcc042a9c91a29c1d680899eff700a03.png,http://www.goodreads.com/book/show/44936.Refactoring,4.20,0
387190,Test Driven Development: By Example,Kent Beck,216,http://images.gr-assets.com/books/1372039943m/387190.jpg,http://www.goodreads.com/book/show/387190.Test_Driven_Development,4.04,0
44919,Working Effectively with Legacy Code,Michael C. Feathers,456,http://s.gr-assets.com/assets/nophoto/book/111x148-bcc042a9c91a29c1d680899eff700a03.png,http://www.goodreads.com/book/show/44919.Working_Effectively_with_Legacy_Code,4.14,0
808814,Programming Erlang,Joe Armstrong,519,http://s.gr-assets.com/assets/nophoto/book/111x148-bcc042a9c91a29c1d680899eff700a03.png,http://www.goodreads.com/book/show/808814.Programming_Erlang,3.96,0
7183279,Metaprogramming Ruby,Paolo Perrotta,296,http://s.gr-assets.com/assets/nophoto/book/111x148-bcc042a9c91a29c1d680899eff700a03.png,http://www.goodreads.com/book/show/7183279-metaprogramming-ruby,4.35,1
7912517,Seven Languages in Seven Weeks,Bruce A. Tate,328,http://s.gr-assets.com/assets/nophoto/book/111x148-bcc042a9c91a29c1d680899eff700a03.png,http://www.goodreads.com/book/show/7912517-seven-languages-in-seven-weeks,3.98,0
6399113,The Passionate Programmer,Chad Fowler,219,http://s.gr-assets.com/assets/nophoto/book/111x148-bcc042a9c91a29c1d680899eff700a03.png,http://www.goodreads.com/book/show/6399113-the-passionate-programmer,3.98,0
4102,Practices of an Agile Developer: Working in the Real World,Venkat Subramaniam,189,http://s.gr-assets.com/assets/nophoto/book/111x148-bcc042a9c91a29c1d680899eff700a03.png,http://www.goodreads.com/book/show/4102.Practices_of_an_Agile_Developer,3.83,0
41793,Hackers & Painters: Big Ideas from the Computer Age,Paul Graham,272,http://s.gr-assets.com/assets/nophoto/book/111x148-bcc042a9c91a29c1d680899eff700a03.png,http://www.goodreads.com/book/show/41793.Hackers_Painters,4.06,0
18743934,Stay Awhile and Listen : How Two Blizzards Unleashed Diablo and Forged a Video-Game Empire,David L. Craddock,,http://images.gr-assets.com/books/1383233477m/18743934.jpg,http://www.goodreads.com/book/show/18743934-stay-awhile-and-listen,3.84,0
658332,Free as in Freedom: Richard Stallman's Crusade for Free Software,Sam Williams,240,http://images.gr-assets.com/books/1344675393m/658332.jpg,http://www.goodreads.com/book/show/658332.Free_as_in_Freedom,3.81,1
2612,The Tipping Point: How Little Things Can Make a Big Difference,Malcolm Gladwell,301,http://images.gr-assets.com/books/1473396980m/2612.jpg,http://www.goodreads.com/book/show/2612.The_Tipping_Point,3.89,0
40492,Revolution in The Valley: The Insanely Great Story of How the Mac Was Made,Andy Hertzfeld,291,http://s.gr-assets.com/assets/nophoto/book/111x148-bcc042a9c91a29c1d680899eff700a03.png,http://www.goodreads.com/book/show/40492.Revolution_in_The_Valley,4.20,0
369881,The Hacker Ethic: A Radical Approach to the Philosophy of Business,Pekka Himanen,256,http://images.gr-assets.com/books/1320390689m/369881.jpg,http://www.goodreads.com/book/show/369881.The_Hacker_Ethic,3.69,0
160171,Just for Fun: The Story of an Accidental Revolutionary,Linus Torvalds,288,http://s.gr-assets.com/assets/nophoto/book/111x148-bcc042a9c91a29c1d680899eff700a03.png,http://www.goodreads.com/book/show/160171.Just_for_Fun,3.91,0
3384,Girlfriend in a Coma,Douglas Coupland,288,http://s.gr-assets.com/assets/nophoto/book/111x148-bcc042a9c91a29c1d680899eff700a03.png,http://www.goodreads.com/book/show/3384.Girlfriend_in_a_Coma,3.60,1
3378,Generation X: Tales for an Accelerated Culture,Douglas Coupland,211,http://images.gr-assets.com/books/1465832770m/3378.jpg,http://www.goodreads.com/book/show/3378.Generation_X,3.73,0
221059,JPod,Douglas Coupland,464,http://images.gr-assets.com/books/1316729451m/221059.jpg,http://www.goodreads.com/book/show/221059.JPod,3.70,0
17986421,The New New Thing: A Silicon Valley Story,Michael Lewis,272,http://images.gr-assets.com/books/1383228446m/17986421.jpg,http://www.goodreads.com/book/show/17986421-the-new-new-thing,3.69,0
8032112,The Big Short: Inside the Doomsday Machine,Michael Lewis,305,http://s.gr-assets.com/assets/nophoto/book/111x148-bcc042a9c91a29c1d680899eff700a03.png,http://www.goodreads.com/book/show/8032112-the-big-short,4.23,0
56829,Hackers: Heroes of the Computer Revolution,Steven Levy,464,http://s.gr-assets.com/assets/nophoto/book/111x148-bcc042a9c91a29c1d680899eff700a03.png,http://www.goodreads.com/book/show/56829.Hackers,4.17,0
134825,The Cathedral & the Bazaar: Musings on Linux and Open Source by an Accidental Revolutionary,Eric S. Raymond,258,http://images.gr-assets.com/books/1328835964m/134825.jpg,http://www.goodreads.com/book/show/134825.The_Cathedral_the_Bazaar,3.84,0
70535,"2001: A Space Odyssey (Space Odyssey, #1)",Arthur C. Clarke,297,http://s.gr-assets.com/assets/nophoto/book/111x148-bcc042a9c91a29c1d680899eff700a03.png,http://www.goodreads.com/book/show/70535.2001,4.10,0
830,Snow Crash,Neal Stephenson,470,http://images.gr-assets.com/books/1477624625m/830.jpg,http://www.goodreads.com/book/show/830.Snow_Crash,4.02,1
13629,The Mythical Man-Month: Essays on Software Engineering,Frederick P. Brooks Jr.,322,http://s.gr-assets.com/assets/nophoto/book/111x148-bcc042a9c91a29c1d680899eff700a03.png,http://www.goodreads.com/book/show/13629.The_Mythical_Man_Month,4.05,0
7090,The Soul of a New Machine,Tracy Kidder,320,http://s.gr-assets.com/assets/nophoto/book/111x148-bcc042a9c91a29c1d680899eff700a03.png,http://www.goodreads.com/book/show/7090.The_Soul_of_a_New_Machine,4.09,0
22590,Ubik,Philip K. Dick,288,http://s.gr-assets.com/assets/nophoto/book/111x148-bcc042a9c91a29c1d680899eff700a03.png,http://www.goodreads.com/book/show/22590.Ubik,4.10,0
3186031,The Evolution of a Cro-Magnon,John  Joseph,,http://images.gr-assets.com/books/1465734048m/3186031.jpg,http://www.goodreads.com/book/show/3186031-the-evolution-of-a-cro-magnon,4.23,0
6288,The Road,Cormac McCarthy,241,http://images.gr-assets.com/books/1439197219m/6288.jpg,http://www.goodreads.com/book/show/6288.The_Road,3.95,0
14497,Neverwhere,Neil Gaiman,370,http://images.gr-assets.com/books/1348747943m/14497.jpg,http://www.goodreads.com/book/show/14497.Neverwhere,4.17,0
5470,1984,George Orwell,328,http://images.gr-assets.com/books/1348990566m/5470.jpg,http://www.goodreads.com/book/show/5470.1984,4.13,1
1202,"Freakonomics: A Rogue Economist Explores the Hidden Side of Everything (Freakonomics, #1)",Steven D. Levitt,320,http://images.gr-assets.com/books/1327909092m/1202.jpg,http://www.goodreads.com/book/show/1202.Freakonomics,3.92,1
10127019,The Lean Startup: How Today's Entrepreneurs Use Continuous Innovation to Create Radically Successful Businesses,Eric Ries,299,http://images.gr-assets.com/books/1333576876m/10127019.jpg,http://www.goodreads.com/book/show/10127019-the-lean-startup,4.02,1
363086,Ship It!,Jared  Richardson,200,http://images.gr-assets.com/books/1384258952m/363086.jpg,http://www.goodreads.com/book/show/363086.Ship_It_,3.68,1
11468377,"Thinking, Fast and Slow",Daniel Kahneman,499,http://images.gr-assets.com/books/1317793965m/11468377.jpg,http://www.goodreads.com/book/show/11468377-thinking-fast-and-slow,4.05,1
12381856,Codermetrics,Jonathan Alexander,264,http://images.gr-assets.com/books/1328761494m/12381856.jpg,http://www.goodreads.com/book/show/12381856-codermetrics,3.33,0
7383829,Лайла: Изследване на нравствеността,Robert M. Pirsig,394,http://s.gr-assets.com/assets/nophoto/book/111x148-bcc042a9c91a29c1d680899eff700a03.png,http://www.goodreads.com/book/show/7383829,3.74,0
